{"0.3461290818451528":{"user_id":1},"0.6277226321145786":{"user_id":1},"0.06885661022752765":{"user_id":1},"0.8865033744223083":{"user_id":1},"0.26483791241149746":{"user_id":1},"0.6926132945916021":{"user_id":1},"0.7068359565192699":{"user_id":1}}